지점,일시,평균기온(°C),최저기온(°C),최고기온(°C),강수 계속시간(hr),일강수량(mm),최대 순간 풍속(m/s),최대 풍속(m/s),최대 풍속 풍향(16방위),최대 풍속 시각(hhmi),평균 풍속(m/s),평균 이슬점온도(°C),최소 상대습도(%),최소 상대습도 시각(hhmi),평균 상대습도(%),평균 증기압(hPa),평균 현지기압(hPa),최고 해면기압(hPa),최고 해면기압 시각(hhmi),최저 해면기압(hPa),최저 해면기압 시각(hhmi),평균 해면기압(hPa),가조시간(hr),합계 일조 시간(hr),1시간 최다일사 시각(hhmi),1시간 최다일사량(MJ/m2),합계 일사(MJ/m2),일 최심신적설(cm),일 최심적설(cm),평균 지면온도(°C),최저 초상온도(°C)
119,2017-01-01,2.9,-2.8,8.2,,,3.6,2.4,160,1314,0.7,0.5,67,1512,85.8,6.4,1023.7,1031.2,936,1025,2312,1028.1,9.7,2.1,1200,0.89,4.55,,,-0.1,-4.7
119,2017-01-02,5.2,2.7,10.3,1.42,0.6,6.4,4,270,1314,1.6,3,63,1359,86.4,7.6,1018.6,1025.3,1,1021.1,1429,1022.9,9.7,3.3,1300,1.18,4.94,,,2.2,0.4
119,2017-01-03,1.8,-2.9,8.5,,,5.3,3.4,270,1504,1.2,-2.5,43,1424,75.5,5.1,1020.3,1026.3,823,1023.2,1619,1024.6,9.7,8.6,1200,1.32,7.83,,,0.9,-4.9
119,2017-01-04,3.6,-1.2,10.9,,,5.9,4.3,250,1554,1.2,-0.8,31,1332,75.6,5.8,1019.9,1025.6,2400,1022.7,1422,1024.2,9.7,7.9,1200,1.38,7.67,,,1.4,-3.4
119,2017-01-05,4.3,-1.7,8.3,,,8.2,5.1,110,2256,2,-2.2,47,1102,65.1,5.2,1022.9,1028.7,2244,1025.5,2,1027.2,9.7,0,1200,0.71,3.8,,,1.9,-3.6
119,2017-01-06,5.8,0.6,11.4,,,6.9,4.6,110,44,2.2,-0.7,47,1246,64.8,5.8,1022.5,1028.9,904,1024.9,1611,1026.8,9.7,7,1200,1.33,7.25,,,3.2,-2.2
119,2017-01-07,3.5,-1.6,10.7,,,3.5,2.4,110,1017,0.6,0.3,47,1408,82.1,6.2,1017.4,1025.1,1,1018.7,1907,1021.6,9.7,6.7,1100,1.2,6.62,,,1.9,-4.2
119,2017-01-08,7.1,2.3,11.9,0.33,0,5.7,3.7,270,2014,1.7,0.1,43,1348,62.4,6.2,1010.3,1019.7,3,1012,1700,1014.5,9.8,3,1100,1.38,5.5,,,4.1,0.2
119,2017-01-09,2.4,-2.1,6,2.17,0.2,7.3,4.9,270,1449,2.6,-3.4,46,1421,66.9,5,1013.5,1021.1,2356,1013.4,5,1017.7,9.8,6,1300,1.38,6.45,,,3.3,-3.3
119,2017-01-10,-2,-6,3.1,2.5,0,8.4,5.6,290,1557,2.5,-11.3,33,1543,49.5,2.7,1020,1028,2338,1020.9,10,1024.4,9.8,8.6,1400,1.12,7.29,,,-0.4,-7.1
119,2017-01-11,-3.2,-8.8,2.7,,,8.3,4.9,290,1538,1.7,-13.5,29,1017,45,2.2,1021.4,1028.9,206,1023.1,2348,1025.9,9.8,8,1200,1.39,7.51,,,-1.6,-10
119,2017-01-12,-1,-4.8,3,8.83,1.9,9.2,5.5,290,1526,2,-9.2,28,1515,59.9,3.4,1014.4,1023.1,1,1016.7,1422,1018.7,9.8,7.4,1200,1.23,6.04,5.2,5.2,-0.3,-6.1
119,2017-01-13,-5.1,-7.5,0,1.58,0.4,10,6.2,270,1531,2.3,-13.3,37,933,53.5,2.3,1013.8,1021.8,2343,1015.4,1401,1018.2,9.8,5.9,1300,1.46,6.57,0.5,0.5,-0.7,-9.3
119,2017-01-14,-7.1,-8.8,-3.7,,,11.6,6.4,320,1509,4,-20.4,22,1449,35.1,1.2,1021.7,1029,2350,1021.5,33,1026.2,9.9,9.3,1200,1.67,9.82,,,-1.9,-9.4
119,2017-01-15,-5.8,-10.6,0,,,5.6,3.7,250,1617,1.8,-16.6,25,1329,43.4,1.7,1024.1,1030.9,806,1026.9,1455,1028.6,9.9,9.5,1200,1.64,9.72,,,-3.1,-12
119,2017-01-16,-4.5,-11.1,3,,,4.2,2.8,270,1753,0.8,-12.9,22,1516,56.1,2.3,1025.5,1031.9,2338,1027.2,14,1029.9,9.9,9.4,1200,1.6,9.45,,,-3.4,-12.5
119,2017-01-17,-2.6,-9,4.4,,,4.1,2.8,250,1415,0.7,-9.3,27,1345,64.1,3.1,1027.5,1033,942,1030.5,1623,1031.9,9.9,7,1200,1.53,7.52,,,-2.7,-10.7
119,2017-01-18,-1.1,-4.8,3.7,0.5,0,3.5,2.5,270,1431,0.8,-4,56,1219,81.8,4.6,1026.3,1032.8,227,1028.9,1402,1030.7,10,2.6,1100,1.06,4.67,,,-1.4,-7.1
119,2017-01-19,-2,-6.8,4.9,,,6.2,3.8,270,1639,1,-6.9,30,1426,73.1,3.7,1019.6,1029.6,1,1018.5,2400,1024,10,7.2,1200,1.51,7.21,,,-1.9,-9.2
119,2017-01-20,-3.7,-7.4,-0.8,7.4,3.9,9.3,5.8,290,1228,2.6,-7.8,52,1503,74.9,3.5,1018.2,1029.7,2356,1015,425,1022.6,10,6.5,1300,1.44,6.96,7.1,7.1,-0.7,-10.1
119,2017-01-21,-4.9,-11.2,-1.1,5.3,1.8,9.9,6.7,270,2400,1.3,-6.7,65,1,87.6,3.8,1022.4,1030.8,814,1022.6,2311,1026.8,10,2.1,1200,1.16,5.3,2.9,4.7,-1.1,-12.6
119,2017-01-22,-7.1,-10.1,-2.1,0.45,0.1,10.2,6.8,290,2,3.2,-14.9,46,1141,53.5,1.9,1023.7,1030.3,2338,1023.1,1,1028.2,10.1,9.1,1200,1.72,10.12,0,4.7,-1,-11.6
119,2017-01-23,-8,-11.5,-3.2,,,5.9,3.6,340,1115,1.8,-15.9,35,1141,53.6,1.8,1027.5,1033.4,2308,1030,431,1032,10.1,9.6,1200,1.68,10.22,,2.1,-1.8,-13.8
119,2017-01-24,-6.8,-13.6,-0.3,,,5.2,3.5,250,1618,1.4,-13.7,29,1251,60.8,2.2,1030.4,1035.9,1028,1033.2,53,1034.9,10.1,9.7,1200,1.72,10.5,,1,-2.3,-15.7
119,2017-01-25,-5.7,-12.6,2.4,,,5.6,3.5,270,1628,1,-11.5,31,1502,67.8,2.6,1030.4,1037.2,1045,1033.1,1735,1034.9,10.2,9.7,1200,1.66,10.74,,1,-2.4,-15.4
119,2017-01-26,-1.7,-10,3.5,0.33,0,6.6,3.9,200,2259,1.5,-5.9,49,1137,74.6,4.1,1023,1034.2,1,1019.7,2357,1027.4,10.2,6.5,1100,1.39,8.13,,0.3,-1.8,-12
119,2017-01-27,-1.7,-5.8,3.9,2.5,3.5,10.1,6.4,290,321,3.1,-10.6,32,1227,52.6,2.9,1023.4,1031,2344,1018,102,1027.8,10.2,9.4,1200,1.76,10.72,,,-0.1,-7
119,2017-01-28,-1.3,-9,5.1,,,5.3,3.4,110,1520,1,-11.7,24,1651,47.9,2.5,1022.7,1031.7,119,1023.1,2358,1027,10.2,6.5,1100,1.54,8.37,,,-1.3,-9.6
119,2017-01-29,1.3,-0.2,3,13.52,7,5.6,3.3,320,2357,0.9,-3,41,503,76.6,5.1,1014.7,1023.1,1,1016.2,1553,1019,10.3,0,1200,0.28,1.31,1.1,1.1,-0.1,-0.1
119,2017-01-30,-3.9,-7.4,-0.2,2.12,0,8.2,5.1,270,411,2.9,-9.8,46,1543,64.5,3,1021.4,1031.2,2335,1018.3,153,1025.8,10.3,9.2,1200,1.83,11,0.1,1.2,-0.2,-8.2
119,2017-01-31,-4.8,-10.1,0.9,,,5.7,4.1,290,1807,1.3,-12.4,30,1438,57.5,2.4,1025.1,1032,843,1027.4,1559,1029.5,10.3,8,1100,1.63,9.33,,,-1.5,-10.6
119,2017-02-01,-3.3,-7.4,2.4,,,9.6,5.4,340,1112,2.3,-12.9,24,1304,50.5,2.3,1025,1032.2,2326,1027.1,552,1029.4,10.4,9.5,1200,1.85,11.22,,,-1.8,-8
119,2017-02-02,-1.7,-9.8,4.4,,,8.3,5.1,290,1331,1.9,-10.3,26,1057,53.8,3.1,1026.4,1033.7,838,1028.6,1715,1030.8,10.4,9.5,1200,1.86,11.51,,,-2.3,-11
119,2017-02-03,1.1,-3.4,7.4,,,6.4,4,290,1508,1.2,-3.4,37,1509,75,4.8,1022.8,1029.4,924,1025.3,1521,1027.1,10.4,8.8,1200,1.52,9.92,,,-0.2,-5.4
119,2017-02-04,1.3,-4.6,4.9,,,3.3,2.3,90,1126,0.8,-3.5,52,1534,73.3,4.7,1016.8,1025.6,1,1016.3,2400,1021.1,10.5,0.4,1000,0.59,3.35,,,-0.3,-6.6
119,2017-02-05,1.8,-0.6,3.9,6.78,1.3,7.9,3.8,290,1759,1.7,-2.2,49,22,76,5.3,1009.8,1016.5,2340,1012.1,1406,1014,10.5,0,1300,0.37,2.21,,,0,-1.6
119,2017-02-06,-0.7,-3.2,3.3,,,7.8,4.6,320,530,3,-9.4,37,1440,52.3,3,1018.3,1026.5,2331,1016.4,1,1022.6,10.5,9.8,1200,1.81,11.48,,,-0.5,-3.8
119,2017-02-07,-1.5,-5.9,3.4,,,4.9,3.3,270,1659,1.3,-10.1,36,1514,52.9,2.8,1021.1,1028,818,1023.4,2400,1025.5,10.6,3.3,1200,1.36,7.43,,,-0.7,-7
119,2017-02-08,-1.6,-5.7,2.5,,,7.1,4.1,250,1607,1.5,-9.5,31,1439,56.1,3,1015.3,1023.4,1,1017,2349,1019.6,10.6,0.7,1100,1.07,6.38,,,-0.5,-7
119,2017-02-09,-4.2,-6.1,-0.9,0.33,0,10.2,6.2,270,1248,3.2,-13.6,33,1225,48.5,2.2,1012.1,1017.9,2307,1014.9,1553,1016.5,10.6,8.4,1200,1.97,10.67,,,-1.5,-6.7
119,2017-02-10,-5.5,-8.2,-1.9,0.17,0,10.5,5.7,270,1737,3.6,-15.5,31,1115,45.8,1.8,1014.6,1021.5,2341,1017.2,422,1019,10.7,9.8,1200,1.97,12.36,,,-2.6,-8.6
119,2017-02-11,-3.8,-8.2,0.2,,,8.9,5.5,250,1425,2.8,-12.9,36,1219,49.9,2.3,1020.6,1027.6,2350,1021.4,15,1025,10.7,10.2,1200,1.95,12.19,,,-2.6,-9
119,2017-02-12,-2.3,-9.1,4.2,,,7.6,5.1,250,1431,1.6,-9.7,32,1221,59.4,3,1024.8,1030.3,2356,1027.5,36,1029.2,10.7,10.2,1200,2.02,12.88,,,-2.1,-10.3
119,2017-02-13,-1.2,-7.3,4.7,3.5,1,3.9,2.6,180,1145,0.8,-4.1,46,1204,83.1,4.6,1026.4,1032.6,904,1029.4,1629,1030.8,10.8,4.3,1200,1.34,7.07,,,-1.4,-9
119,2017-02-14,0.3,-4,6.5,,,6,3.7,290,1358,1.8,-8.1,27,1420,56.8,3.4,1028.7,1034.6,949,1030.7,1,1033,10.8,10.2,1200,1.95,12.61,,,-0.5,-6.7
119,2017-02-15,0.9,-5.8,8.5,,,4.2,2.6,180,1228,0.9,-6.2,28,1648,62.4,3.9,1025.7,1033.4,1,1026.4,2355,1030.1,10.8,9.1,1200,1.66,10.49,,,-0.3,-7.4
119,2017-02-16,5.6,-4.4,12.6,2.98,0.3,8.5,5.5,250,1343,1.6,1.1,42,1019,74.4,7.1,1015.8,1026.5,3,1015.5,2348,1020,10.9,5.4,1000,1.42,7.75,,,0.6,-6.5
119,2017-02-17,1.9,-4.1,9.6,5.38,4,9.1,5.6,270,1459,3.4,-5,32,1310,63.9,4.7,1017.6,1026.4,2356,1015.1,32,1021.9,10.9,8.6,1200,2.07,12.65,,,1.1,-4.5
119,2017-02-18,-1.8,-7.2,4,,,9.3,5.5,270,1618,2.4,-12.3,21,1345,47.8,2.5,1021.8,1027.2,853,1025,1502,1026.2,11,10.3,1200,2.09,13.41,,,-0.6,-8.5
119,2017-02-19,2.3,-4.2,6.8,7.67,4.6,7.7,5,180,1227,2,-3.2,33,1347,71,5,1011.7,1025.4,24,1007.1,2352,1016,11,2,1100,1.88,6.06,,,0,-5.6
119,2017-02-20,-0.2,-4,5.5,3.83,2.2,10.2,6.4,320,1829,3.6,-8,34,1559,58.4,3.8,1013.6,1028.9,2336,1006.5,134,1017.9,11,8.5,1200,2.09,12.73,,,0.5,-4.7
119,2017-02-21,-0.5,-7.5,6.8,,,5.2,4,360,3,1.1,-11.7,21,1613,44.4,2.5,1025.2,1033.5,1000,1024.8,2358,1029.6,11.1,10,1200,2.05,13.18,,,-0.3,-8.4
119,2017-02-22,2.1,-0.1,3.5,12.57,9.1,7.9,4.8,320,2353,2.2,-1.5,37,128,80.8,5.7,1011.9,1024.7,1,1010.5,1738,1016.2,11.1,0,1200,0.41,1.78,,,0.6,-0.8
119,2017-02-23,-0.4,-3.4,3.9,,,9.7,5.9,290,1352,3.7,-8.7,31,1446,55.4,3.2,1015.3,1024.1,2354,1012.8,1,1019.6,11.1,10.5,1300,2.1,14.11,,,0.7,-4.2
119,2017-02-24,-0.2,-6.4,5,,,9,5.1,270,1514,1.7,-8.8,23,1129,55,3.2,1020.4,1026.3,807,1023.7,1709,1024.7,11.2,9.8,1200,2.12,14,,,0.4,-7.5
119,2017-02-25,1.9,-4.7,9.1,,,8.9,6.2,250,1559,1.8,-4.9,28,1554,66,4.3,1018.1,1024.5,11,1020.1,1532,1022.4,11.2,10.5,1200,2.12,14.69,,,1,-6.2
119,2017-02-26,2.4,-4,10.1,,,7.3,4.5,270,1602,1.7,-4.3,22,1355,67.1,4.5,1020.7,1027.5,2344,1022.3,3,1025,11.3,7.4,1200,2.08,12.23,,,1.7,-5.6
119,2017-02-27,2.6,-3.6,11,,,6.4,4.4,270,1701,1.2,-6.4,21,1350,55.9,3.8,1023.1,1029,832,1025.7,1511,1027.5,11.3,10.6,1200,2.1,14.07,,,1.5,-5.4
119,2017-02-28,4.4,-3.4,13,,,5.2,3.4,200,1247,1.3,-5.1,26,1432,53.9,4.2,1020.7,1027.8,145,1022.3,1644,1025,11.3,10,1200,2.07,13.62,,,2.2,-5.3
119,2017-03-01,4.7,1.1,11.5,7.78,6.2,6.8,3.8,230,1529,1.3,-2.1,29,1257,66.1,5.4,1012.6,1022.7,1,1012.9,2351,1016.8,11.4,1.8,1200,1.53,6.62,,,4.1,-0.9
119,2017-03-02,1.9,-1.8,5.6,3.58,0.3,8.4,5.5,250,1402,2.9,-3.2,50,1343,71,5,1012.1,1020.8,2355,1012.1,315,1016.4,11.4,8.9,1200,2.21,14.28,,,3.4,-4
119,2017-03-03,2.9,-3.4,11.1,,,6.7,3.9,270,1432,1.6,-4,34,1441,62.8,4.6,1016.4,1022.8,842,1018.5,1505,1020.6,11.5,10.4,1200,2.08,14,,,2.1,-5
119,2017-03-04,4.6,-2.5,12.9,,,5.9,4,270,1517,1.1,-1.7,27,1442,69,5.4,1015,1020.8,836,1017.6,1624,1019.2,11.5,10.7,1200,2.11,14.57,,,2.9,-4.4
119,2017-03-05,4.6,-0.9,11.3,3.67,1.3,6.1,4,270,1427,1.5,0.5,45,1340,78.1,6.4,1012.3,1019.4,512,1013.7,1709,1016.5,11.5,7.1,1200,1.87,11.32,,,4.2,-3
119,2017-03-06,1.2,-1.8,5.6,,,11.6,6.4,320,1710,3.5,-10.5,22,1423,43.8,2.8,1012.8,1018.5,2145,1014.4,27,1017,11.6,11,1200,2.35,15.97,,,2,-2.3
119,2017-03-07,-0.5,-2.9,2.8,,,8.7,5.4,320,450,3.5,-11.9,25,953,43.6,2.5,1012.9,1018.5,856,1015.7,1648,1017.3,11.6,11.1,1200,2.32,16.2,,,1.1,-3.7
119,2017-03-08,0.7,-5.6,6.1,0.67,0,10.4,6.4,270,1559,2.8,-8.1,27,1305,52.8,3.4,1010.9,1018.1,1,1012.5,1706,1015.2,11.7,9.2,1200,2.36,13.85,,,1.8,-7
119,2017-03-09,3.2,-3.5,10.1,,,10,6.8,270,1253,2.8,-4.7,36,1513,57.8,4.4,1009.2,1015.6,2357,1010.4,1539,1013.4,11.7,10.7,1300,2.16,14.77,,,1.9,-5.2
119,2017-03-10,4.2,-2.7,12.2,,,7.1,4.8,270,1525,1.5,-6.2,20,1644,53.5,3.9,1015.4,1022.4,2344,1015.6,1,1019.7,11.7,11,1200,2.29,15.93,,,2.3,-5.4
119,2017-03-11,5.9,-2.4,16.7,,,6.9,4.8,270,1618,1.1,-4.2,19,1454,53.5,4.6,1019.1,1025,823,1021.3,1508,1023.4,11.8,10.8,1200,2.21,15.39,,,3.3,-4.5
119,2017-03-12,7.6,1.7,15.1,,,6.7,4.4,270,1508,1.6,1.1,27,1534,67.5,6.7,1016.9,1023.9,13,1019.1,1502,1021.1,11.8,4.7,1400,1.65,10.73,,,6.3,-0.6
119,2017-03-13,6.4,1.3,12.9,,,6.7,4.3,270,1642,2.2,-1.5,28,1402,59.4,5.5,1014.4,1021.4,957,1016,1702,1018.6,11.9,10.1,1200,2.26,14.9,,,6.3,-0.2
119,2017-03-14,5.9,0.9,12.2,,,10.5,6.4,270,1644,2.9,-6.4,21,1438,42.3,3.8,1014.8,1022.1,2307,1016.9,1513,1019,11.9,11,1200,2.38,16.54,,,5,-1.4
119,2017-03-15,4.8,-1.5,12.8,,,7.5,4.9,270,1455,1.6,-5.8,25,1240,48.8,4,1019.1,1025.3,905,1021.8,1601,1023.3,11.9,11.1,1200,2.3,15.93,,,4.5,-4.1
119,2017-03-16,5,-1.8,13.3,,,6.5,4.1,270,1755,1.5,-5.6,17,1254,52.3,4.1,1017.9,1023.9,853,1019.9,1444,1022.2,12,10.5,1200,2.26,15.63,,,4.9,-4.1
119,2017-03-17,6.5,-0.7,15.9,,,6.1,4.3,290,1642,1.5,-3.8,24,1443,53.8,4.7,1019.6,1025.6,923,1021.7,1612,1023.9,12,10.3,1200,2.28,15.4,,,5.8,-3.1
119,2017-03-18,8,3.4,16.9,,,8.3,5.4,320,1429,1.7,-5.2,15,1328,43.3,4.3,1020.6,1026,909,1023.4,1444,1024.8,12.1,8.8,1300,2.29,14.63,,,7.1,1
119,2017-03-19,8.5,0.1,18.7,,,6.1,3.9,270,1654,1,-1.5,19,1549,55,5.6,1021.4,1028.6,915,1023.2,1634,1025.6,12.1,10.5,1200,2.29,15.7,,,7.7,-2
119,2017-03-20,8.9,2.9,15,,,5.4,3.2,270,1757,1.2,-0.8,26,1418,55.3,5.8,1015.1,1024.2,1,1015.7,2358,1019.3,12.1,0,1000,0.65,5.02,,,7.5,0.5
119,2017-03-21,7.5,2.8,13,,,8.9,5.3,250,1720,2.4,-1.9,32,1233,54.4,5.4,1012.5,1021.3,2356,1014.4,322,1016.7,12.2,9.3,1200,2.43,15.33,,,8.3,0.8
119,2017-03-22,6.7,0.1,13.8,,,8.6,5.2,250,1438,1.9,-4.3,24,1514,49.4,4.5,1017,1022.7,902,1019.9,1405,1021.2,12.2,9.6,1200,2.33,16.4,,,7.3,-2.5
119,2017-03-23,7.5,2.7,14.6,,,8,5,270,1328,1.8,-2.2,21,1500,54,5.3,1016.6,1022.1,852,1018,1641,1020.8,12.2,8.1,1200,2.16,14.35,,,8.1,0.5
119,2017-03-24,7.5,1.1,14.4,,,6,4.5,270,1731,1.5,-0.9,27,1616,59,5.8,1016.9,1023.3,717,1018.1,1612,1021.1,12.3,6.1,1400,1.98,12.83,,,8,-1.2
119,2017-03-25,7.2,2.3,12.4,,,8.3,5.4,270,1405,1.8,-3.4,18,1234,50.5,4.9,1015.5,1020.9,2245,1018.4,1445,1019.7,12.3,2.5,1400,1.55,10.72,,,8.7,-0.2
119,2017-03-26,6,1.9,10.9,,,7,4.6,270,1637,2,-1.2,34,1127,62.5,5.7,1014.8,1020.4,1,1017,1536,1019,12.4,3.4,1300,1.48,10.65,,,8.3,0
119,2017-03-27,6.7,3.3,12,0.17,0,11.2,5.7,290,1435,2.5,1.2,36,1301,70.9,6.7,1016.1,1022.5,2356,1018.7,1459,1020.3,12.4,4.7,1300,2.16,12.1,,,8.7,0.6
119,2017-03-28,7,2.3,13.2,,,6.4,3.9,250,1457,1.7,0.2,30,1418,65.8,6.3,1019.2,1025.5,929,1021.9,1458,1023.4,12.5,4.9,1200,1.95,12.33,,,9.3,-0.3
119,2017-03-29,7.8,1.9,14.9,,,6.3,4.3,270,1614,1.7,0.2,29,1206,62.5,6.2,1018.5,1024.5,704,1020.3,1620,1022.7,12.5,8.7,1200,2.5,15.91,,,10.1,-0.8
119,2017-03-30,8.7,0.8,17.3,,,6.8,4.9,250,1544,1.8,1.7,34,1220,66.3,6.9,1017.5,1024.5,842,1019.4,1636,1021.7,12.5,9.2,1100,2.29,15.47,,,10.3,-1.4
119,2017-03-31,8.7,5.4,12.9,5.83,1.2,7.2,5.1,70,1613,1.8,4.9,54,1128,78.6,8.7,1014.1,1020.5,59,1016.3,1603,1018.3,12.6,0.3,1000,1.32,6.15,,,9.9,4
119,2017-04-01,9,5.1,14.7,1.25,1,14.4,6.5,320,1735,1.9,2.8,38,1439,67,7.5,1012.1,1018.4,1,1013.5,1612,1016.2,12.6,10.1,1300,2.36,16.56,,,11.5,3.6
119,2017-04-02,8.3,1.8,15.9,,,8.2,5.8,250,1425,1.8,0.5,24,1241,64.8,6.5,1014.9,1020.7,2351,1017.5,1611,1019.1,12.6,11.4,1200,2.56,18.69,,,10.7,-0.7
119,2017-04-03,10,2.1,19.1,,,7.3,4.9,270,1457,1.6,0.9,26,1311,59,6.6,1019,1024.9,2340,1020.7,1,1023.1,12.7,11.6,1200,2.57,18.74,,,11.5,-0.5
119,2017-04-04,12.9,3.3,22.5,,,7.2,4.5,320,1704,1.6,-0.4,18,1504,45,6,1019.6,1026.2,924,1021.9,2343,1023.7,12.7,10.6,1200,2.38,16.83,,,13.1,1
119,2017-04-05,12.3,10.2,14.7,14.95,33.8,7.9,5.4,140,1305,2,5.7,35,922,69.9,9.9,1012.5,1022,1,1011,2355,1016.6,12.8,0,1000,0.57,2.94,,,11,8.2
119,2017-04-06,10.6,8.9,13.3,3.08,1.2,7.2,4.2,250,130,2.3,9.5,77,1406,93.6,11.9,1008.6,1014.7,2210,1010.7,428,1012.7,12.8,0.1,1300,0.99,5.07,,,12.5,8.4
119,2017-04-07,13.3,8,22.2,,,5.3,3.4,270,1517,1.5,8.6,43,1429,76.8,11.2,1010.1,1016.4,718,1011.6,1647,1014.1,12.9,8.6,1200,2.48,16.64,,,14.2,6.9
119,2017-04-08,10.9,6.6,19.3,0.88,0.1,6.1,4.4,250,1528,1.8,8.1,52,1314,85.4,10.8,1008.9,1015.1,843,1010.7,1538,1013,12.9,6.3,1100,2.34,14.5,,,13.4,5.6
119,2017-04-09,13.4,8.7,18.2,3.83,0.6,9.5,6.1,110,1429,2.7,6.7,46,2255,67.9,10.1,1010.3,1016.7,2338,1012.2,357,1014.4,12.9,2.9,1400,1.79,11.57,,,14.3,8.7
119,2017-04-10,15.6,10.3,22,,,8.2,5.9,110,903,2.9,-4.7,13,1522,26.4,4.4,1007.8,1017.1,59,1007.1,2001,1011.8,13,11,1200,2.77,20.25,,,14.7,9
119,2017-04-11,13.7,9.9,19,1.78,0,11,7.2,270,1548,3.1,1.4,20,2115,45.5,7,1002.7,1010.1,2356,1004.7,1350,1006.7,13,8.9,1200,2.54,17.42,,,14.4,9.8
119,2017-04-12,12,8,16.6,,,9.8,6.6,320,134,3.4,-10.3,10,422,22.9,3,1011.2,1017.6,2359,1010.1,1,1015.3,13,11.5,1200,2.73,20.4,,,12.5,4.6
119,2017-04-13,12.3,4.8,20.4,,,8,5.3,250,1824,2.1,3.2,19,1318,58.8,7.8,1012.5,1019,818,1013.6,1631,1016.6,13.1,11.3,1200,2.54,18.18,,,15.1,2
119,2017-04-14,12.8,6.7,18.7,3.03,0,15.1,8.3,200,1144,2.7,5.3,35,801,63,9.1,1008.3,1016.7,1,1009.2,1541,1012.3,13.1,3.7,900,1.69,8.03,,,12.8,3.4
119,2017-04-15,15.7,8.1,25.3,,,7.8,4.9,270,1504,1.5,9.1,31,1403,68.8,11.6,1009.9,1015.5,2316,1012.6,50,1013.9,13.2,11.1,1200,2.51,18.98,,,18.2,5.9
119,2017-04-16,17.7,10.5,25.4,,,5.6,3.4,270,1200,1,8.3,21,1659,59.8,11.1,1010.4,1016.9,857,1011.3,2358,1014.4,13.2,7.2,1200,2.23,15.38,,,18.6,8.6
119,2017-04-17,13.8,10.7,17.2,7,7.9,7.1,4,70,1429,1.4,10.6,50,945,82.3,12.9,998.1,1011.3,1,996.7,1534,1002.1,13.2,1.5,1600,1.2,4.32,,,13.1,8.9
119,2017-04-18,11.2,8.1,18,2.47,7.9,10.8,5.7,250,1331,2.7,9.1,58,1209,89,11.7,995.7,1004.1,2351,995.7,1253,999.7,13.3,2.8,1000,1.59,7.62,,,12.1,6.3
119,2017-04-19,12.4,5.6,18,,,8.6,5.9,250,1148,2.4,1.6,23,1429,53.1,7,1006.5,1015.1,2345,1004.1,1,1010.6,13.3,11.6,1200,2.72,21.36,,,14.6,3.8
119,2017-04-20,12.6,8.7,17.2,0.17,0,6.5,4.3,270,1650,1.6,2.2,33,1419,50.9,7.2,1008.7,1014.8,1,1010.6,1529,1012.8,13.3,1.1,1300,1.45,8.49,,,12.5,8.1
119,2017-04-21,11.8,4.9,19.8,,,7.5,4.7,270,1714,1.7,5.4,34,1532,69.4,9,1007.5,1013.5,12,1008.9,1610,1011.6,13.4,9.5,1200,2.56,18.27,,,15.1,3.3
119,2017-04-22,13.7,6,22.5,,,8.2,5.4,270,1731,1.8,3.6,21,1432,57.4,8.1,1009.3,1015.7,2352,1011.6,1537,1013.3,13.4,12.1,1200,2.78,20.97,,,17.2,4.3
119,2017-04-23,13.5,6,22.4,,,8,4.9,270,1453,1.8,1.9,20,1244,51.4,7.1,1013.3,1019.7,2400,1015.6,1,1017.4,13.5,12.5,1200,2.8,21.65,,,17.3,4.1
119,2017-04-24,14,5.8,22.1,,,8.7,5.8,200,1130,2.1,2.2,23,1321,50.6,7.2,1015,1020.8,721,1016.8,1634,1019.1,13.5,11.8,1300,2.73,20.68,,,17,3.4
119,2017-04-25,15.4,10.2,21.8,0.8,0,8.1,5,250,1303,2.1,8.6,47,1259,65.5,11.3,1014.7,1020,2359,1017.7,424,1018.8,13.5,5.3,1100,2.48,15.22,,,17.7,8
119,2017-04-26,14.8,9.6,21,1.33,0,10.6,6.8,270,1556,2.7,1.3,14,1413,45.3,7,1012.1,1020,12,1013.7,1524,1016.2,13.6,12.4,1200,2.82,21.72,,,19.8,8
119,2017-04-27,13.6,7.1,20.1,,,11.8,7.4,270,1429,2.8,0.4,20,1336,44.6,6.5,1008.1,1015.7,3,1009.5,1816,1012.2,13.6,12.8,1200,2.83,21.92,,,17.8,4.7
119,2017-04-28,14.3,7.4,22.1,,,9.7,6,270,1314,2.7,5.2,26,1452,59.6,8.9,1001.7,1010.8,1,1002,1648,1005.7,13.6,11.7,1200,2.6,20.04,,,17.7,5.6
119,2017-04-29,16.6,8.3,24.5,,,8.3,5.2,230,1553,2.2,4.5,19,1442,52.6,8.6,1003,1008.7,1020,1005.7,1729,1007,13.7,12.1,1200,2.66,20.82,,,19.8,6.2
119,2017-04-30,18.2,12.5,28.1,,,7.4,4.9,200,1307,2.3,10.4,29,1419,64.4,12.7,1003.8,1012,2355,1005.4,1523,1007.7,13.7,11.3,1200,2.5,19.06,,,21.6,10.1
119,2017-05-01,18.3,10.5,27.7,,,6.9,4.5,270,1658,1.6,10,25,1548,64.8,12.3,1012.2,1019.8,2352,1012,1,1016.2,13.7,11.3,1200,2.61,20.17,,,22.6,8.8
119,2017-05-02,18.4,11.7,26.8,,,6.2,4.5,270,1659,1.4,8.7,30,1420,57.8,11.4,1017.5,1023.1,1029,1019.2,212,1021.5,13.8,9.6,1200,2.41,17.56,,,22.4,9.5
119,2017-05-03,19.2,11,29.4,,,9.6,5.8,290,1729,1.4,7.4,15,1631,51.3,10.4,1016.9,1023.2,751,1017.9,1654,1021,13.8,12.3,1200,2.69,20.84,,,23.8,8.6
119,2017-05-04,19.9,12.5,28.1,0.17,0,7.9,5,270,1550,1.5,10,33,1251,55.6,12.3,1012.3,1020.7,1,1013.4,1846,1016.3,13.8,7.9,1300,2.35,15.71,,,23.1,10.3
119,2017-05-05,19.8,14.5,27.7,0.17,0,10.2,6.8,270,1655,2.4,12,37,1406,63.3,14,1009.9,1015.7,641,1011.5,1619,1013.9,13.9,10.9,1100,2.67,19.81,,,26.2,14.4
119,2017-05-06,14.6,8.6,21.1,,,12.2,7.7,250,1540,3.3,0.7,15,1415,42.8,6.7,1011.9,1017.2,808,1014.4,1735,1016,13.9,12.2,1100,2.66,20.63,,,20.4,6.3
119,2017-05-07,15.4,8.7,22.3,,,10.7,6.9,270,1411,2.4,5.4,16,1404,57.5,9.2,1010.4,1016.5,1,1012.4,1606,1014.4,13.9,11.8,1200,2.82,21.06,,,20.5,6.6
119,2017-05-08,17,9.3,23.7,,,6.8,4.2,200,1231,1.6,7.2,33,1804,54.1,10.3,1010.1,1015.4,745,1012.7,1816,1014.1,14,5.9,1000,1.91,14.09,,,20.1,6.7
119,2017-05-09,16.3,13.6,21.3,9.75,2.9,8.9,6,110,1511,2,9.8,43,1202,68.4,12.4,1006.6,1015.1,755,1007.6,2356,1010.7,14,1.1,1100,2.21,7.37,,,17.6,13.5
119,2017-05-10,15.7,13.2,20.9,5.55,4.6,7.8,5.1,270,1149,2.1,12.1,54,1343,80.5,14.2,1006.1,1014.3,2400,1007,239,1010.1,14,8.1,1300,2.82,17.03,,,19.6,12.1
119,2017-05-11,18.5,12.5,25,1.17,0.3,5,3.1,200,1443,1.3,13.6,53,1652,75.6,15.7,1007.5,1014.6,3,1010.2,1716,1011.4,14.1,4.3,1100,2.57,13.66,,,20.3,11.4
119,2017-05-12,18.7,14.6,22.9,0.55,0.2,7.2,4.7,200,1204,1.4,15.2,66,1140,81.4,17.3,1005,1010.8,1,1007.7,1803,1008.9,14.1,0,1000,0.9,6.13,,,19.1,12
119,2017-05-13,15.9,11.2,24.1,1.4,3.5,14.7,8.8,200,1412,2.6,12.8,47,1403,84,14.8,1002.4,1009.7,2340,1000.6,1354,1006.4,14.1,3,900,1.57,9.04,,,17.2,9.9
119,2017-05-14,14.5,9.5,20.1,,,10.9,7.1,270,1315,3.1,8.3,39,1212,69.4,11,1006.2,1012.5,2211,1008.9,419,1010.3,14.1,13.1,1200,2.96,24.09,,,20,7.1
119,2017-05-15,15.3,9.9,20.6,,,8.4,5,270,1614,2.5,9.2,47,1411,69,11.6,1008.3,1013.8,2305,1011.1,1458,1012.3,14.2,12.6,1200,2.93,23.66,,,21.8,7.8
119,2017-05-16,16.3,12.6,22.4,,,6.4,4.3,290,1507,1.9,9.7,44,1315,66.9,12,1007.1,1013.6,109,1008.9,1804,1011.1,14.2,8.6,1200,2.17,16.95,,,21.3,10.7
119,2017-05-17,17.8,9.9,25.7,,,7.4,4.9,270,1537,1.7,9.4,34,1544,62.3,11.8,1007.7,1014.3,2336,1010.2,1458,1011.7,14.2,13.2,1100,2.7,22.35,,,23.7,8.2
119,2017-05-18,19.3,11.2,27.1,,,7.7,4.8,250,1333,1.7,9.2,31,1500,55.5,11.6,1011.9,1017.3,2355,1014.3,1,1015.9,14.3,12.6,1200,2.47,20.93,,,24.6,9.2
119,2017-05-19,19.8,12.7,28.3,,,8,5.1,290,1626,1.8,8.7,27,1149,54.5,11.3,1013.1,1018.2,2255,1015.7,1514,1017.1,14.3,13.2,1200,2.89,23.47,,,25.8,10.2
119,2017-05-20,19.5,12.8,26.4,,,9.1,5.7,270,1502,2.1,8.4,30,1621,52.4,11.1,1012.1,1018,1,1014,1753,1016,14.3,11.8,1100,2.67,20.48,,,24.5,10.3
119,2017-05-21,20.2,13.5,26.7,,,7.7,5,250,1356,1.8,10.5,30,1312,56.4,12.7,1011.3,1016.7,746,1013.2,1808,1015.3,14.3,12.8,1200,2.91,23.72,,,26.5,12
119,2017-05-22,20.3,13,28,,,7.1,4.7,270,1333,1.6,11.6,30,1627,61.5,13.8,1010.1,1016.2,601,1011.6,1659,1014.1,14.4,12.5,1100,2.74,21.89,,,26.5,10.8
119,2017-05-23,19.3,15,24.4,2.47,7.1,6.5,4.4,320,1859,1.6,14.1,48,1222,74,16.1,1006.9,1013.5,12,1009.3,1748,1010.9,14.4,1.5,1100,1.65,11.46,,,22.3,13
119,2017-05-24,20.4,15.6,26.7,2.92,3.9,7.5,4.9,250,1553,1.9,14.7,44,1232,72.5,16.8,1004.3,1010,1,1006.4,1700,1008.2,14.4,11.3,1300,2.68,21.32,,,24.9,13.8
119,2017-05-25,18.3,12.7,24.5,,,11.7,6.9,250,1424,3.2,8.6,28,1506,57.5,11.5,1001.4,1008.7,1,1002.5,1512,1005.4,14.4,13.2,1300,2.78,23.41,,,23.8,10.8
119,2017-05-26,16.9,11.4,22.8,,,8,4.8,250,1157,2.6,5.5,31,1053,49,9.2,1004.3,1011,2305,1006.3,25,1008.3,14.4,12.7,1100,2.97,23.21,,,23.8,9
119,2017-05-27,17.8,11.4,25.6,,,7.2,4.4,270,1538,1.9,8,28,1705,57,10.8,1008.3,1013.2,737,1010.8,24,1012.3,14.5,13.6,1200,2.9,24.07,,,24.8,9.5
119,2017-05-28,20.1,11.9,27.3,,,8.2,5,230,1259,2.2,11,32,1115,58.6,13.6,1007.9,1013.3,339,1009.2,1755,1011.8,14.5,11.2,1200,2.54,20.23,,,25.3,9.7
119,2017-05-29,21.8,16.4,29.4,,,7.3,4.6,270,1532,1.8,15.8,44,1356,71,17.9,1008.1,1013.8,707,1010.3,1708,1012,14.5,11.6,1200,2.6,21.02,,,27.3,14.3
119,2017-05-30,22.6,16.6,30.3,,,7,4.2,200,1558,1.7,10.4,17,1417,51.9,13,1005.7,1012.6,752,1007,1825,1009.6,14.5,11.4,1300,2.2,18.81,,,27.1,14.5
119,2017-05-31,21.8,15.7,28.4,,,5.1,3.3,180,954,1.5,14,35,1153,64.4,16.2,999.2,1007.5,1,999.5,1853,1003.1,14.5,7.9,1400,2.05,16.93,,,26.9,14
119,2017-06-01,22.1,18.3,26.3,0.2,0,10.3,6.8,270,1549,2.8,15,42,2040,66.4,17.7,995.6,1001.1,2335,997.5,1735,999.5,14.6,9.9,1200,2.67,20.37,,,28,16.6
119,2017-06-02,20,13.6,25.7,,,8.2,5.5,250,1500,2.5,8.1,26,1103,49.3,10.9,1000.3,1006.7,2324,1001.1,1,1004.2,14.6,12.9,1200,2.88,23.78,,,27.1,10.9
119,2017-06-03,19.5,15,25.8,,,8.8,5.9,270,1534,2.7,9.6,29,1237,55.8,12,1004,1010.3,2232,1006.4,1,1008,14.6,13.8,1100,2.8,23.97,,,27.7,13.2
119,2017-06-04,20.4,12.5,28.1,,,8.9,5.5,270,1732,2.1,8.5,23,1214,53.1,11.4,1007.7,1014.4,2328,1010,1517,1011.7,14.6,13.7,1100,2.78,23.78,,,27.5,10.4
119,2017-06-05,22.6,13.7,30.2,,,7.2,4.6,270,1719,1.5,8.8,19,1639,45.4,11.4,1010.8,1016.1,2245,1012.9,1603,1014.7,14.6,12.9,1200,2.66,23.26,,,29.3,11.3
119,2017-06-06,18.9,14.7,22.7,11.67,6,9.4,6.4,110,1819,3.1,10.8,43,1126,62.8,13.1,1008.8,1016.2,641,1007.3,2400,1012.7,14.6,0,1300,1.01,5.97,,,20.8,14.4
119,2017-06-07,17.3,15.2,19.3,12.08,6.1,7.1,3.9,270,1805,2.1,16.9,89,1833,98,19.2,1001.1,1008.9,2243,1003.1,1325,1005.1,14.6,0.1,1600,0.39,2.48,,,18.6,15.4
119,2017-06-08,19.8,15.3,26.4,,,7.9,4.7,250,1516,2.2,15.5,46,1439,78.6,17.6,1006.2,1011.9,830,1008.6,1,1010.1,14.7,8.8,1300,2.66,19.51,,,23.9,14.8
119,2017-06-09,20.8,15.5,27.2,1.67,0,10.6,6,250,1425,2.5,16.2,47,1311,77,18.5,1003.1,1009.8,147,1004.3,1459,1007.1,14.7,7.5,1300,2.45,15.78,,,24.3,13.8
119,2017-06-10,20.8,15.8,27.6,1.53,0.5,6.3,3.5,270,1836,1.8,10.3,19,1511,58.4,13.3,1003.1,1009,1005,1005.5,1758,1007,14.7,8.9,1300,2.8,18.66,,,24.7,12.5
119,2017-06-11,21.9,12.6,29.6,,,7.8,5.1,270,1526,1.9,8.5,22,1147,48.4,11.2,1004.4,1011.7,2345,1006.7,216,1008.3,14.7,13.9,1200,2.85,24.36,,,27.6,10.1
119,2017-06-12,21.6,17.3,27.2,,,7.2,5,110,802,2.8,9.9,33,1431,48.8,12.3,1010.3,1015.7,851,1011.7,1,1014.2,14.7,8,1100,2.59,18.44,,,27,15.5
119,2017-06-13,20.4,16.4,26.3,1.08,0.3,8.4,5.7,250,1550,2.1,15.5,45,1432,75.5,17.7,1010.7,1016.4,624,1013.1,1512,1014.7,14.7,7.6,1300,2.62,17.17,,,26.3,14.7
119,2017-06-14,20.8,17.2,26.3,,,8.2,5,270,1540,2.4,15.4,36,1512,74.8,17.7,1007.4,1013.9,1,1009.2,1832,1011.3,14.7,11.1,1200,2.75,21.82,,,27.7,16.5
119,2017-06-15,22.1,16.2,29,,,6.7,4.2,250,1406,1.9,16.1,44,1525,72.4,18.3,1004.6,1010.3,45,1006.5,1723,1008.5,14.7,12.3,1200,2.68,21.92,,,28,15.2
119,2017-06-16,24.1,18.5,32.2,,,7,4.6,270,1649,1.9,16.8,32,1334,67.8,19.2,1005.5,1010.8,2304,1007.8,1542,1009.4,14.7,11.9,1200,2.62,21.1,,,29.7,16.6
119,2017-06-17,23.4,18.3,29.7,,,6.5,4,270,1542,1.9,12.8,38,1502,52.6,14.8,1006.7,1011.9,721,1009.3,1605,1010.6,14.7,12.6,1200,2.56,21.43,,,29.5,16.1
119,2017-06-18,22.8,15.3,32,,,7.4,5.1,270,1533,1.7,13.7,26,1403,61.1,15.9,1006.5,1012,749,1008.4,1643,1010.4,14.7,13.3,1100,2.63,22.63,,,29.7,13.5
119,2017-06-19,23.9,17,30.3,,,6.7,4.2,270,1404,1.5,14.5,29,1644,61.6,16.8,1005.6,1011.2,3,1008,1740,1009.5,14.7,11.5,1300,2.53,19.76,,,29.1,15.4
119,2017-06-20,24.8,17.9,31.8,,,6.6,4.6,250,1609,1.5,14.6,33,1044,57.1,16.7,1001.1,1008.6,1,1002.4,1816,1005,14.7,6.3,1100,2.38,16.25,,,28.6,15.6
119,2017-06-21,23.9,19.8,30.7,,,8.7,5,270,1525,2.4,15.5,38,1439,61.9,17.7,1002,1009.3,2340,1003.2,8,1005.9,14.7,12.4,1200,2.66,22.07,,,31.1,18.7
119,2017-06-22,24.3,20.1,30.5,,,6.6,4.4,250,1815,2.1,17.2,42,1737,67.5,19.7,1004.9,1010.2,623,1007,1707,1008.8,14.7,10.8,1300,2.62,20.99,,,31.4,19.7
119,2017-06-23,25,19,33.2,,,8.1,5.2,270,1625,1.7,17.1,34,1412,65.4,19.7,1002.4,1008.7,1,1004.3,1754,1006.3,14.7,12.6,1200,2.75,22.28,,,32.2,17.9
119,2017-06-24,22.8,19.5,27.6,9.15,2.7,5.3,3.1,290,1624,1,16.6,42,1150,70.5,19,999.5,1005.3,1,1001.3,1756,1003.4,14.7,0,1100,0.91,5.29,,,24.7,19.3
119,2017-06-25,24.2,19.8,29.9,1.67,0.5,6.2,4.3,290,1823,1.4,18.3,44,1557,72.6,21.2,998.6,1005,2356,1001,1628,1002.4,14.7,6.4,1000,2.18,15.18,,,28.1,19.9
119,2017-06-26,23.2,20,30.3,5.72,7.3,7.9,5.2,110,2200,2.1,20.2,49,1357,85.3,23.7,1003.2,1009.8,2336,1005,1,1007.1,14.7,4.3,1000,2.32,13.07,,,25.6,19.9
119,2017-06-27,24.1,20.2,30.8,2.12,4.2,6.6,4,110,12,2.2,20.3,49,1440,81.1,23.8,1005.9,1011.3,2251,1008.4,1505,1009.8,14.7,8.5,1300,2.63,18.83,,,28.9,19.4
119,2017-06-28,24.9,21.3,30.6,,,6.4,4.5,270,1631,1.6,20,50,1353,76.3,23.5,1008.2,1013.5,2318,1010.4,1649,1012.1,14.7,8.5,1100,2.46,18.42,,,28,20.8
119,2017-06-29,25,20.2,31.4,,,6.8,4.7,270,1733,1.6,19.8,47,1428,75.5,23.2,1007.3,1013.4,1,1008.8,1933,1011.2,14.7,9.1,1000,2.34,18.02,,,28.7,19.1
119,2017-06-30,25.2,21.4,31.2,,,6.1,4,270,1429,1.9,20.3,45,1411,76.9,23.9,1004.5,1010,112,1006.5,1747,1008.3,14.7,6,1300,2.3,17.37,,,29.5,21.2
119,2017-07-01,23.9,21.4,28.1,5.15,15.6,6.4,4.1,180,1541,1.1,21.7,63,1247,89.6,26,1003.7,1008.8,2218,1006.7,1401,1007.6,14.7,0.2,1200,1.64,7.98,,,26.3,20.5
119,2017-07-02,24.9,23.5,26.5,16.53,85,7.8,4.2,200,2338,1.8,24.6,93,1738,98.5,30.9,1003,1008.3,1,1005.3,2328,1006.9,14.7,0,1000,0.57,4.11,,,25.6,23.5
119,2017-07-03,24.5,23.5,27.8,9.1,12.4,10.7,5.6,200,106,2.7,24.1,85,1328,98.5,30.1,1002,1007.5,2143,1004.8,257,1005.9,14.7,0,1300,0.86,3.94,,,24.9,23.4
119,2017-07-04,26,22.8,31.2,6.25,82.3,6.8,4.7,270,1631,1.6,23.5,60,1529,87.5,28.9,1002.2,1008.9,2359,1004.8,402,1006.1,14.7,8.9,1400,2.27,18.11,,,27.9,22.1
119,2017-07-05,27,22.7,33.6,,,7,4.5,250,1637,1.2,22.1,41,1554,77.1,26.7,1006.1,1011.5,2328,1008.5,1640,1009.9,14.7,8.2,1200,2.57,18.99,,,28.4,22
119,2017-07-06,27.3,22.3,34,,,8.2,5,250,1606,1.6,22.8,49,1406,78.6,27.7,1006.2,1011.5,728,1007.5,1601,1010,14.6,8.8,1200,2.61,19.93,,,29.1,21.4
119,2017-07-07,26.4,24.3,28.7,5.82,6.1,6.4,4,200,1832,2.1,24.4,80,712,89.3,30.6,1003.9,1010.1,1,1006.1,1720,1007.7,14.6,0.6,1100,0.9,5.21,,,26.3,23.4
119,2017-07-08,25.6,23.7,28.2,4.18,19.3,7.9,5,180,622,1.9,24.8,84,1433,95.8,31.4,1002.8,1008.3,2313,1005.4,519,1006.7,14.6,0.1,1400,0.97,3.73,,,25.9,23.5
119,2017-07-09,26.4,22.6,31.8,6.42,28,8.9,5.7,140,2134,1.3,24.7,70,1619,91.9,31.2,1002.3,1008.4,148,1003.6,2355,1006.2,14.6,1.1,1100,1.46,9.89,,,28,22.7
119,2017-07-10,24.8,23.2,26.1,19.08,69.5,10.3,5.5,200,1331,2.2,24.6,94,1443,99.4,30.9,997.3,1003.5,1,1000.2,655,1001.2,14.6,0,1300,0.4,2.08,,,25.4,23.4
119,2017-07-11,26.1,22.2,32,2.52,1.3,6.2,4,250,1712,1.7,23.9,64,1522,89,29.8,1003.4,1010.3,2317,1001.6,47,1007.3,14.6,6,1200,2.43,16.1,,,27.6,22.1
119,2017-07-12,26.3,23.2,31.9,2.25,0,5.8,3.7,270,1805,1.7,24,63,1556,88.6,29.9,1006.4,1011.8,1015,1008.7,1735,1010.2,14.6,5.8,1300,2.57,14.31,,,28,22.2
119,2017-07-13,27,21.5,32.3,,,5.3,3.5,320,1551,1.2,23.1,59,1326,81.3,28.4,1004.1,1009.6,800,1006.3,1914,1007.9,14.5,10.8,1100,2.17,18.07,,,28.8,20.6
119,2017-07-14,28.2,24.4,33.9,1.33,0.2,8.5,5.7,250,1549,1.9,24.1,53,1541,79.8,30,1004.1,1008.9,2156,1006.9,1,1007.9,14.5,7.7,1100,2.48,17.66,,,29.4,23.7
119,2017-07-15,24.3,22.7,26.1,14.78,74.7,6.4,3.7,250,1556,1.4,24,92,1659,98.9,29.9,1005.7,1012.1,2210,1007.6,341,1009.6,14.5,0.1,1600,0.41,2.78,,,25.5,22.9
119,2017-07-16,25.2,22.9,27.2,7.53,77.8,9.2,6,360,323,1.4,24.5,86,1305,96.5,30.8,1008,1013.6,1225,1009.1,405,1011.9,14.5,0.1,1200,1.14,7.32,,,26.4,23
119,2017-07-17,26,23.5,29.1,6.77,0.9,6.2,4.1,270,1358,1.4,24.5,77,1722,92,30.7,1008.2,1013.4,1,1010.9,1929,1012.1,14.4,0.1,1000,0.99,7.97,,,27.3,23.4
119,2017-07-18,25.9,23,31,1.08,1.3,5.4,3.4,270,1750,1.4,24.2,68,1534,91.4,30.2,1005.8,1011.9,1,1007.9,1803,1009.6,14.4,4.2,1500,1.57,11.28,,,27,22.9
119,2017-07-19,28,24.5,34.8,,,6,3.7,270,1625,1.4,23.5,50,1505,78.4,29,1003.2,1009,1,1004.8,1745,1007.1,14.4,8.6,1400,2.34,18.48,,,30.2,24.4
119,2017-07-20,28.8,24.7,34.4,,,5.8,4,270,1713,1.5,24.9,58,1439,80.9,31.4,1002.8,1008.4,728,1005,1441,1006.6,14.4,9.4,1300,2.54,17.7,,,30,24.1
119,2017-07-21,29.1,26.2,32.6,1.12,5.1,5.6,3.6,250,1129,1.6,26.3,66,1137,85.8,34.3,1004.4,1010,2306,1006.5,256,1008.2,14.4,3.1,1000,1.77,10.63,,,28.9,25.6
119,2017-07-22,28.7,26.7,32.5,1.62,0.2,5.6,3.6,200,1521,1.5,26.6,70,1454,89.4,34.8,1005.2,1010.6,905,1007.5,1833,1009.1,14.3,3.8,1200,1.93,10.84,,,29.4,26.3
119,2017-07-23,26.8,25.7,29.2,8,63.3,6.4,4.1,160,1101,1.6,26.6,94,1,99.1,34.8,1001.1,1007.7,1,1003.2,1609,1004.9,14.3,0,1500,0.65,2.01,,,27.2,25.5
119,2017-07-24,25.9,24.9,27.7,6.7,19.4,3.6,2.2,340,1204,0.6,25.5,91,1747,98.3,32.6,998.9,1004.3,1,1001.3,1741,1002.7,14.3,0.6,1700,0.68,3.14,,,26.6,25.1
119,2017-07-25,29.4,25.3,35.8,,,7.5,5.3,110,2342,1.4,25,45,1644,79.1,31.6,999.6,1006.4,2349,1001.4,327,1003.4,14.3,9.7,1200,2.45,18.73,,,30.9,25.2
119,2017-07-26,28.1,24.3,32.2,,,8.1,5.3,140,858,2.9,20.2,49,1519,62.9,23.6,1003.7,1009,806,1006.2,1700,1007.5,14.2,11.8,1100,2.52,20.36,,,29.4,23.4
119,2017-07-27,27,24.4,30.7,1.1,0.8,4.8,3,110,630,1.6,19.8,50,909,66.3,23.3,1004.2,1009,822,1006.7,1708,1008.1,14.2,2.3,1400,1.41,10.77,,,28,22.7
119,2017-07-28,25.3,23.7,27.4,13.42,16.5,3.7,2.3,140,846,1,25.1,93,1709,99.1,31.8,1004.1,1008.8,654,1006.8,101,1008,14.2,0,1600,0.53,2.65,,,25.9,23.8
119,2017-07-29,27,24.8,30.7,,,7.5,4.9,110,2108,2.6,23.7,68,1710,83.5,29.4,1003.5,1008.6,851,1006,1734,1007.4,14.2,2.7,1000,1.67,12.4,,,27.9,24.2
119,2017-07-30,27.6,23.9,32.8,,,5.5,3.8,110,24,1.7,22.6,56,1420,75.3,27.4,1003.2,1008.1,2259,1005.8,1634,1007.1,14.1,9,1200,2.31,18.2,,,29.6,23.4
119,2017-07-31,24.2,23.1,26.6,13.92,104.8,7.7,4.7,200,527,1.2,23.8,75,3,97.9,29.4,1005,1010.8,2213,1006.9,430,1008.9,14.1,0,1400,0.58,2.76,,,25.7,23.4
119,2017-08-01,27.3,23.2,33.6,3.75,0.8,4.6,3.5,110,27,1.2,24.4,59,1732,85.6,30.7,1006.1,1011.7,1003,1008.3,1735,1010,14.1,7.9,1200,2.43,16.62,,,29,23.1
119,2017-08-02,29.3,25.2,34.2,,,5,3.2,340,1639,0.8,25.9,59,1344,83.4,33.4,1003.3,1009.7,1,1005.2,1815,1007.1,14,6,1300,1.93,13.51,,,30.3,24.5
119,2017-08-03,29.2,26.2,32.7,,,6.8,4.4,110,946,2.6,22.1,48,1709,67.9,26.9,1001.2,1006.3,922,1003.2,1722,1005.1,14,12.2,1100,2.69,19.91,,,30.5,25
119,2017-08-04,29.7,25.1,35.4,,,5.1,3.1,140,842,1.7,22.1,45,1454,65.5,26.6,1001.4,1006.7,817,1003.5,1646,1005.2,14,12.2,1100,2.62,20.2,,,30.5,23.8
119,2017-08-05,31.2,27,36.9,,,6.5,4.3,320,1551,1.5,25.1,47,1441,71.8,32,999.2,1004.7,50,1000.3,1821,1003,13.9,11.3,1400,2.55,19.98,,,32.7,25.3
119,2017-08-06,28.9,25.5,33.4,2.33,2.7,6,3.6,50,945,1.5,25.6,67,1705,83.1,32.8,996.8,1002.6,925,998.4,1731,1000.6,13.9,3.6,1400,1.9,9.22,,,30.2,25.3
119,2017-08-07,28.5,25.2,33.6,,,7,4.6,250,1437,1.9,24.6,59,1132,81.1,31,995.8,1000.8,2350,998.1,1532,999.6,13.9,10.5,1100,2.57,19.04,,,31.1,24.3
119,2017-08-08,27.6,24.6,32.1,0.07,0,6.1,4,270,1515,1.5,22.1,53,1417,73.6,26.7,996,1000.9,1,998.9,1744,999.8,13.9,5,1300,2.26,14.18,,,29.8,23.7
119,2017-08-09,26.5,23.8,29.6,5.35,6.6,7.3,4.7,110,1116,1.9,22.5,60,15,79.9,27.2,994.1,999.6,1,996.5,1557,997.9,13.8,0.9,1500,1.32,8.74,,,27.8,23.4
119,2017-08-10,24.5,23.3,25.6,17.5,11.3,3,1.9,90,1216,0.7,24.3,96,1146,99.5,30.4,996.9,1002.9,2336,998.6,145,1000.7,13.8,0.4,1000,0.54,3.6,,,26.3,23.6
119,2017-08-11,26,23.5,32,3.85,6.9,5.9,3.9,250,1602,1.4,23.8,55,1318,88.9,29.6,1002.3,1009,2400,1002.8,1,1006.2,13.7,5.2,1200,2.67,11.82,,,27.1,22.8
119,2017-08-12,27.1,23,32.4,,,6.2,3.9,140,931,1.7,21.3,52,1700,71.4,25.3,1006.6,1011.5,732,1008.9,9,1010.4,13.7,9,1000,2.23,15.07,,,27.9,21.5
119,2017-08-13,25.8,24,27.3,1.42,0,8,5.2,110,1601,3.3,20.4,65,1320,72.6,24,1006.4,1011.8,816,1008.8,2243,1010.3,13.7,1,900,1.36,8.8,,,26.3,22.4
119,2017-08-14,23.6,22.3,25.6,12.1,8,9.5,6.1,110,1016,2.9,21.1,70,1,86.5,25.1,1002.2,1009.3,1,1004.7,1625,1006.1,13.7,0.3,800,1,4.94,,,25,20.7
119,2017-08-15,22.3,21.1,23.8,21.08,50.9,7,4.8,110,322,2.8,21.9,84,158,98.5,26.3,999.1,1004.9,2,1001.5,1552,1003,13.6,0,1500,0.27,1.76,,,23.4,20.9
119,2017-08-16,24.1,21.6,27.9,3.95,1.9,6.9,4.7,110,1048,2.5,22.5,77,1345,91.5,27.2,1001.3,1006.9,2346,1003.1,27,1005.2,13.6,1,1300,2.06,8.46,,,25.7,21.2
119,2017-08-17,25.2,22.1,29.8,2.68,0.2,5.6,4.3,110,818,2,22.8,65,1628,87.4,27.8,1004,1009.5,2206,1006.7,409,1007.9,13.5,4.8,1100,2.01,12.38,,,26.3,21.5
119,2017-08-18,25.8,22.6,30.9,,,5.6,3.4,270,1701,1.2,22.8,58,1522,85,27.7,1007.1,1012.5,2251,1009.3,1,1011,13.5,5.7,1400,2.04,13.58,,,27.7,21.8
119,2017-08-19,25.5,22.3,28.9,5.58,13.7,8,5.1,160,2329,1.7,23.3,71,1340,88.4,28.6,1008,1013.2,1026,1010.3,1836,1011.9,13.5,0,1100,1.26,8.03,,,26.7,21.8
119,2017-08-20,23.8,22.1,27,17.15,130.8,8.3,5.4,110,1427,3,23.3,83,1427,97.5,28.6,1004.5,1011.9,1,1005.5,1912,1008.4,13.4,0.3,1300,1.26,5.17,,,25,22.1
119,2017-08-21,25,23.2,28.6,4.32,22.6,7.2,4.5,270,1502,2,24,81,1740,95,29.9,1003.4,1009.6,2350,1005.5,1441,1007.3,13.4,3.5,1600,1.18,8.77,,,25.6,22.8
119,2017-08-22,26.9,23,32.1,,,5.7,3.3,250,1610,1.3,23.9,60,1425,85.3,29.7,1008.1,1014.2,2134,1009.3,223,1012,13.4,9.9,1400,2.35,16.67,,,29.1,22.2
119,2017-08-23,27.1,23.7,31.4,6.15,34.8,9.2,5.6,250,1632,2.1,25.9,78,1451,93.9,33.4,1007.6,1013.9,1,1010,1506,1011.5,13.3,4.1,1300,1.82,9.85,,,27.8,23.1
119,2017-08-24,26.2,23.5,29.2,5.15,38.1,10.3,6.3,230,1145,3.1,25.5,87,1132,96.3,32.7,1002.6,1010.1,1,1003.6,1444,1006.5,13.3,0.5,1100,0.86,4.53,,,26.6,23.3
119,2017-08-25,25.3,20.9,31.5,,,7.3,4.6,250,1510,1.6,19,22,1558,74,22.6,1004.8,1011.1,2331,1007.1,1526,1008.7,13.2,10.1,1100,2.55,19.2,,,27.1,19.4
119,2017-08-26,23.6,17.6,29.6,,,7.8,5,270,1456,1.7,14.5,23,1253,62,16.8,1010,1015.9,2333,1010.7,48,1013.9,13.2,11.8,1200,2.67,20.63,,,25.7,15.8
119,2017-08-27,22.3,18.5,26.6,0.17,0,4,2.6,90,939,0.7,17.1,50,1524,74,19.5,1011.2,1017.2,913,1013.4,2341,1015.2,13.2,1.5,1100,1.21,6.85,,,23.8,17.2
119,2017-08-28,21.3,18.3,26.1,3.17,30.4,8,5.3,360,1826,1.2,18.7,52,1103,86.6,21.6,1007.3,1013.4,1,1007.4,1741,1011.3,13.1,0.8,1000,0.97,5.45,,,22.9,17.6
119,2017-08-29,20.1,17.4,24.3,,,7.1,4.1,320,1922,2.6,10.4,32,1626,57.6,13.1,1010.4,1016.1,943,1011.6,55,1014.3,13.1,10.9,1200,2.83,19.14,,,23.1,16.5
119,2017-08-30,19.2,16,23.6,,,6,3.8,340,23,1.2,11.2,39,137,61.6,13.8,1010.3,1016.1,951,1012.4,1645,1014.3,13.1,1.7,1100,0.97,7.46,,,20,15.2
119,2017-08-31,21.2,15.1,28.2,,,4.4,2.6,360,1337,0.9,15.5,43,1354,73,17.7,1008.2,1013.7,145,1010,1600,1012.2,13,10.4,1300,2.25,15.44,,,23.3,14
119,2017-09-01,22.6,15.8,29.7,,,6.3,3.7,270,1710,1.6,14,33,1600,61.3,16.1,1008.7,1014.4,833,1010.9,1642,1012.6,13,12.2,1200,2.65,19.98,,,24.4,13.8
119,2017-09-02,22.8,17.5,29.5,,,5.3,3.3,270,1740,1.5,16.4,40,1551,69.6,18.7,1008.8,1014.1,935,1011,1542,1012.7,13,10.5,1200,2.36,17.06,,,24.4,15.7
119,2017-09-03,23.1,17.6,29.1,,,5.6,3.5,290,1611,1.4,17,41,1416,71.4,19.4,1011,1016.3,2317,1013.1,1530,1014.9,12.9,9.6,1100,2.44,16.82,,,25.5,16
119,2017-09-04,23.6,17.9,29.2,,,7.1,3.3,200,1555,1.5,14.5,34,1532,60.6,16.6,1011.4,1016.9,657,1013.6,1514,1015.3,12.9,9.7,1100,2.39,16.24,,,24.8,15.9
119,2017-09-05,21.7,19.8,23.8,0.72,0,6,4.1,110,847,1.4,16,60,844,70.4,18.2,1007.9,1014.9,1,1009.3,1847,1011.9,12.8,0,1500,0.64,4.41,,,21.9,17.1
119,2017-09-06,20.2,18.3,22.9,10.18,1.3,4.5,2.6,320,1559,0.6,18.3,62,1209,89.6,21,1004.7,1010.5,1,1007.7,1527,1008.6,12.8,0,1400,0.55,3.89,,,21.8,18.5
119,2017-09-07,21.8,16.5,27.7,,,5.9,3.9,250,1553,1.4,18.8,58,1602,85.1,21.8,1004.2,1010.1,2332,1006.6,1454,1008.1,12.8,8.8,1200,2.3,15.07,,,24,15.8
119,2017-09-08,23.4,19.6,29.8,,,6.6,3.7,250,1551,1.3,19.4,45,1619,81.3,22.6,1007.7,1013.1,2356,1010,28,1011.6,12.7,8.6,1100,2.2,15.3,,,25.1,18.2
119,2017-09-09,23.2,18.5,29.4,,,6.2,4.2,250,1526,1.2,19.8,52,1439,83.8,23.1,1009.3,1014.4,2355,1012,1420,1013.2,12.7,7.5,1300,1.96,13.9,,,24.4,17
119,2017-09-10,22.2,18.6,25.2,4.53,0,4.9,3.5,110,1202,0.8,19.9,72,1517,87.8,23.3,1009.5,1015.5,1010,1010.7,2354,1013.5,12.6,0,1100,0.87,5.06,,,22.7,17.5
119,2017-09-11,20.5,18.2,25.1,11.17,15.7,7,4.4,110,544,1.6,18.9,68,1659,91.6,21.8,1003.6,1010.9,30,1005.3,1345,1007.5,12.6,2.7,1200,1.16,7.26,,,22,17.2
119,2017-09-12,21.1,16.7,27.6,,,7.6,4.5,250,1419,1.5,14.5,32,1515,70.3,17,1009.9,1017.4,2342,1010,1,1013.9,12.6,11.3,1200,2.47,17.85,,,21.7,13.3
119,2017-09-13,20.4,13.9,27.5,,,6.8,4.4,250,1527,1.5,12.3,27,1302,64,14.5,1014.7,1019.9,919,1017.3,1510,1018.7,12.5,11.8,1200,2.54,18.48,,,21.1,12.4
119,2017-09-14,21.5,13.7,28.8,,,5.4,2.9,110,918,1.1,13.4,28,1547,64.4,15.4,1015.4,1021.1,828,1017,1617,1019.4,12.5,11.9,1200,2.47,17.89,,,21.8,12.3
119,2017-09-15,22.2,17.8,27.7,,,10,6.8,110,1027,3.3,12.1,39,1434,54.4,14.2,1015,1020.9,911,1017,1619,1018.9,12.4,10.2,1100,2.42,16.07,,,22.3,16
119,2017-09-16,21.2,16.6,26.3,,,9.6,5.2,110,1838,3,12,46,1454,56.5,14,1010.4,1018.2,15,1011.5,1547,1014.4,12.4,8.1,1200,2.4,14.04,,,19.6,14.1
119,2017-09-17,22.3,18.3,28.5,,,6.7,3.8,90,1145,1.7,14.1,42,1446,61.3,16.2,1003.4,1012.1,1,1004,1629,1007.4,12.4,8.9,1200,2.42,15.87,,,22.1,15.6
119,2017-09-18,20.8,14.9,27.3,,,6.7,4.2,250,1650,1.6,15.7,42,1512,76.4,17.9,1004.7,1009.9,2221,1006.6,1,1008.6,12.3,11.6,1100,2.3,16.87,,,22.1,13.4
119,2017-09-19,21.8,17.5,27,1.47,7.8,12.1,6,270,2135,2.2,19.9,71,1551,89.3,23.3,1005.3,1011,746,1006.9,1559,1009.2,12.3,1.4,900,0.98,7.25,,,23.2,15.3
119,2017-09-20,18.3,12.3,23.9,,,7.2,4.6,290,1121,2,10.4,36,1213,63.4,12.8,1008.8,1014.7,2339,1009.6,1,1012.8,12.3,11.8,1200,2.49,18.04,,,19.2,10.2
119,2017-09-21,18.7,12.6,26.5,,,5.4,2.7,110,1225,1.1,12.6,35,1548,72.3,14.6,1010.2,1016,933,1012.7,1531,1014.2,12.2,11.5,1200,2.39,17.06,,,19.5,10.7
119,2017-09-22,19.7,14.4,27.6,,,5.9,3.6,270,1521,1.5,14.3,40,1409,73.8,16.4,1009.2,1014.6,2332,1011.3,1546,1013.2,12.2,11,1100,1.97,14.56,,,20.6,12.1
119,2017-09-23,20.7,16.2,27,,,5,3.1,270,1401,1.3,17.7,46,1535,85.4,20.3,1011.7,1016.9,943,1014.4,120,1015.7,12.1,5.4,1300,1.9,9.89,,,21.1,14.3
119,2017-09-24,22.4,18.9,27.6,,,6.1,4,270,1655,1.5,19.9,62,1446,87.8,23.3,1011.3,1016.8,953,1013,1457,1015.2,12.1,5.6,1200,1.71,10.91,,,23.2,17.4
119,2017-09-25,22.9,18,29.7,,,4.3,2.9,90,1127,1.1,17.5,39,1507,75.3,20,1010.9,1016.7,804,1013,1545,1014.8,12.1,9.8,1200,2.14,14.37,,,23.2,16.2
119,2017-09-26,23.5,18.3,29.3,2.5,0,5.4,3.5,140,906,1.5,16.9,43,1418,68.9,19.4,1007.9,1014.4,854,1009.6,2327,1011.9,12,7.8,1100,2.12,12.92,,,24,15.6
119,2017-09-27,21.7,17.6,26.6,8.1,1.3,4.9,3.1,50,2043,1.5,16.6,52,1218,74.4,19,1003.8,1010.2,34,1004.6,1527,1007.7,12,2,1300,1.36,7.79,,,22.4,16.8
119,2017-09-28,19.4,13.6,24.9,,,10.4,6.4,270,1643,2.8,8.8,24,1131,53.6,11.8,1006.9,1014.6,2342,1008.4,8,1010.8,11.9,11.3,1200,2.33,16.42,,,20.5,10.5
119,2017-09-29,15.3,8.6,21.9,,,7.7,4.3,270,1437,1.4,4.5,24,1055,51.6,8.5,1014.2,1020.8,2313,1014.6,1,1018.2,11.9,9.8,1300,2.25,14.38,,,16.3,6.1
119,2017-09-30,18.4,11.7,25.9,,,5.3,3.5,250,1434,1.2,13.1,51,1436,73.4,15.3,1017.7,1023.3,1008,1020.4,34,1021.7,11.9,8.5,1100,2.05,12.37,,,19.1,9.4
119,2017-10-01,17.2,14.8,21.8,12.42,10,7.7,4.3,70,2318,1.8,15,59,914,88.5,17,1012.9,1021.7,1,1012.5,2359,1016.9,11.8,1.2,800,0.87,3.69,,,18.5,13.5
119,2017-10-02,21.1,15.4,28.6,5.25,1.6,7.4,4.2,340,2206,2,15.2,44,1507,72.1,17.4,1007.2,1013.9,2226,1009.1,1524,1011.2,11.8,9.6,1200,2.27,14.97,,,20.4,15.1
119,2017-10-03,17.2,12.8,22.8,,,6.3,4,320,1952,1.9,7.5,47,921,53.3,10.6,1014.3,1021.7,2347,1013.7,17,1018.4,11.7,4.4,1200,1.61,9.43,,,18.4,11.8
119,2017-10-04,16.7,10.1,23.2,,,4.4,2.8,70,1038,1.3,7.8,40,1625,56.3,10.7,1019.1,1024.9,925,1021.7,1,1023.2,11.7,8.4,1300,2.04,13.4,,,17.4,9.1
119,2017-10-05,17.9,14.2,22.2,,,6.8,4.3,110,956,2.4,10.7,50,1315,63.5,12.9,1019.4,1024.9,825,1022,1455,1023.4,11.7,4.8,1100,1.76,9.85,,,18.3,12.9
119,2017-10-06,17.9,13.4,21.5,0.62,0,7.9,5,110,1155,2.2,12.4,52,1108,71.4,14.6,1015.1,1022.9,1,1016.7,1705,1019.1,11.6,2.8,800,0.98,6.79,,,19.3,11.4
119,2017-10-07,20.5,16.6,26.3,,,4.6,2.3,180,1449,0.8,16.4,54,1607,79,18.7,1015.9,1022.4,2346,1017.9,8,1019.9,11.6,6,1100,2.01,10.98,,,21,16.2
119,2017-10-08,21,17.5,27.1,,,5.1,3.5,250,1511,1.2,17.1,49,1327,80.9,19.5,1018.4,1023.8,820,1020.9,1523,1022.4,11.5,8,1200,1.71,11.1,,,21.7,16.4
119,2017-10-09,21.2,16.8,27.8,,,5.5,3.2,200,1252,1.2,16.6,36,1422,79,19.1,1017.7,1023.9,740,1019.5,1607,1021.7,11.5,9.7,1300,2.11,13.4,,,22.5,15.8
119,2017-10-10,20.8,16.8,25.3,0.58,0.1,4.3,2.7,200,2323,1,18.4,63,1325,87.3,21.2,1014.6,1020.8,33,1015.4,2357,1018.6,11.5,1.2,1300,1.05,6.31,,,21.9,15.3
119,2017-10-11,15.4,12.2,21.2,10.08,16.8,7.8,5.1,270,203,2.5,13.1,65,1914,87.1,15.4,1014.6,1021.9,2204,1014.9,131,1018.6,11.4,0.5,1100,0.69,4.12,,,18.1,12.2
119,2017-10-12,11.5,7.3,13.9,3.1,0.2,4.6,2.6,320,26,1.5,8,68,1651,79.5,10.8,1017,1022.2,322,1019.2,1704,1021.1,11.4,0.1,1300,0.51,3.82,,,14.1,5.7
119,2017-10-13,12,4.4,18.3,,,5.6,3.6,290,1554,1.5,5.2,34,1216,66.8,8.9,1018.6,1024.4,2310,1021.1,1508,1022.7,11.3,8.4,1200,1.89,12.2,,,13.4,3
119,2017-10-14,13.6,6.4,20.2,,,6.6,3.7,20,1426,1.5,2.8,25,1302,54.3,7.6,1021.9,1027.8,2338,1023.8,1528,1026,11.3,8.7,1200,2.12,12.78,,,13.2,4.5
119,2017-10-15,14.5,7.1,21.6,,,6.2,3.8,70,1051,1.4,5.5,32,1438,57.1,9.2,1023.3,1029.3,955,1025.6,1400,1027.4,11.3,7.4,1200,2.12,11.94,,,14.4,5.3
119,2017-10-16,16.3,13.1,21.8,,,5.7,3.6,320,1934,1.2,7,34,1504,56.4,10.2,1022.7,1029.2,916,1024.6,1627,1026.7,11.2,3.5,1400,1.42,8.49,,,15.8,11
119,2017-10-17,14.8,7,22.9,,,4.5,2.5,140,1053,0.9,7,36,1604,62.8,10,1020.4,1026.6,917,1022.4,1545,1024.5,11.2,10.3,1200,1.99,13.03,,,14.9,5.6
119,2017-10-18,15.9,13.5,18.1,4.75,0,7,4.1,110,1143,2.5,9.2,49,1127,64.8,11.6,1019.2,1025.4,729,1021.8,1503,1023.3,11.2,0.2,1100,0.95,4.12,,,14.7,11.1
119,2017-10-19,15.9,11.5,21.9,,,4.8,3,70,922,1.3,8.9,38,1357,65.9,11.4,1015.5,1022.1,1,1017.2,1504,1019.5,11.1,9.3,1100,1.88,11.71,,,16.1,9.5
119,2017-10-20,15.5,9.2,23.8,,,5.1,3.5,270,1645,0.9,9,32,1406,70.4,11.6,1015.1,1020.8,835,1017,1431,1019.2,11.1,10.3,1200,1.96,12.56,,,15.4,7.4
119,2017-10-21,15.2,8.5,24.6,,,4.8,2.9,20,1610,0.7,8.5,29,1534,70.1,11.1,1013.8,1020.2,849,1016,2359,1017.8,11.1,10.2,1200,1.96,12.62,,,15,6.5
119,2017-10-22,15.2,7.4,22.4,,,11.4,7.1,70,1602,2.6,7.1,39,1604,62.3,10.1,1009.9,1016.2,627,1011.5,1424,1014,11,10,1200,1.96,12.15,,,14.4,5.1
119,2017-10-23,12.9,8.6,19.1,,,7.5,4.2,50,12,1.5,3.8,34,1542,56.9,8.1,1014.1,1021.5,2351,1014.3,1,1018.2,11,10.1,1200,1.89,12.17,,,13,6.7
119,2017-10-24,13,8.1,20.1,,,4.7,2.8,290,1646,1.1,6.1,37,1313,66.9,9.5,1020.1,1025.7,2251,1021.5,1,1024.2,10.9,7.4,1100,1.84,10.08,,,12.6,6.1
119,2017-10-25,12.3,6.9,20.2,,,6.3,3.8,250,1418,1.1,8,40,1300,78.4,10.7,1021.1,1027.3,851,1023.9,1507,1025.2,10.9,9.4,1100,1.84,11.52,,,12.8,4.7
119,2017-10-26,14.3,8.6,19.9,,,4.7,2.7,290,1531,0.8,6.6,33,1310,63.5,9.8,1017.6,1024.4,1,1019.6,1741,1021.7,10.9,4.1,1100,1.71,8.38,,,14.5,7.1
119,2017-10-27,15.3,10,23.3,,,3.5,2.5,270,1705,0.7,8.7,32,1531,68.4,11.3,1015.9,1021.3,907,1018.2,1400,1020,10.8,9.1,1200,1.77,10.96,,,15.1,8.1
119,2017-10-28,15.7,8.4,24.1,,,4.2,2.5,90,1119,1,8.8,35,1510,67.8,11.3,1016,1022.3,833,1018.4,1716,1020.1,10.8,9.9,1200,1.81,11.52,,,14.6,6.2
119,2017-10-29,11.3,6.2,18.1,,,11.7,6.7,290,1739,2.9,1.4,28,2257,55.6,7.6,1013.6,1022.1,2345,1014.1,1401,1017.7,10.8,7.3,1200,1.74,10.57,,,11.6,5.1
119,2017-10-30,6.7,2.1,13.3,,,7.8,4.6,320,20,1.9,-6.2,19,1326,42,3.9,1021.8,1027.6,907,1022.1,1,1026,10.7,10.2,1200,1.88,12.15,,,7.9,0.1
119,2017-10-31,8.2,0.3,16.9,,,6.1,3.8,290,1457,1,2.7,39,1102,71.9,7.6,1021.4,1028.5,905,1023.4,1718,1025.6,10.7,10,1200,1.81,11.64,,,9.6,-1.9
119,2017-11-01,13,7.8,19.2,,,6.6,3.5,250,1503,1.2,9.9,53,1444,83.4,12.2,1017.2,1023.8,11,1019.6,1437,1021.4,10.7,2.3,1400,0.92,5.3,,,12.8,5.9
119,2017-11-02,14.8,11.6,19.2,1.47,0,5.8,3.2,270,1644,1.3,12.5,67,1246,87.4,14.5,1014.4,1020.6,18,1016.7,1551,1018.5,10.6,1.3,1100,1.22,4.46,,,14.3,9.2
119,2017-11-03,11.7,6.3,18.4,1.33,2.2,8.7,5.2,270,1442,2.4,6.4,42,1520,72.6,10.2,1016.2,1024.8,2352,1017.8,724,1020.4,10.6,5.2,1300,1.37,6.99,,,12.1,4.1
119,2017-11-04,7.3,3,14.2,,,6.5,3.9,270,1515,1.7,0,39,1247,62.1,6.2,1024.7,1030.7,2352,1024.8,1,1029,10.5,9,1200,1.83,10.54,,,8.9,0.5
119,2017-11-05,7.2,0.4,15.5,,,6.1,3.9,250,1426,0.9,2.3,42,1158,75,7.3,1025.1,1031.8,912,1027.4,1651,1029.4,10.5,8.1,1200,1.75,10.45,,,8.6,-1.2
119,2017-11-06,10.2,4.8,16.5,,,4.2,2.6,200,1322,1.1,5.9,49,1249,77.5,9.3,1020.9,1027.7,1,1022.9,1430,1025,10.5,7.7,1200,1.78,9.87,,,11.1,2.4
119,2017-11-07,14.8,6.4,20,0.37,0,5.4,3.1,250,2400,1.3,9.1,46,1338,71,11.7,1017,1024.9,148,1018,2311,1021,10.5,5.1,1100,1.58,8.27,,,13.6,4
119,2017-11-08,13.2,6.6,18.2,0.32,0.2,8.7,5.3,270,1243,2.7,6.6,36,1247,67.4,10.6,1016.2,1024,2236,1017.6,352,1020.3,10.4,7.4,1300,1.58,9.04,,,13.7,4.6
119,2017-11-09,8.4,1.8,16.6,,,4.2,2.8,270,1735,0.8,-0.1,28,1429,58.8,6.1,1020.1,1027,827,1021.8,2359,1024.3,10.4,9,1200,1.65,9.87,,,9.5,-0.2
119,2017-11-10,9.5,4.3,16.8,2.58,9.6,11.6,7.3,270,1606,2.4,4.5,48,2308,72.9,8.8,1012.5,1021.8,1,1011,1507,1016.7,10.3,1.9,1000,0.81,3.63,,,8.8,1.9
119,2017-11-11,5.8,1,11.3,,,8,4.8,360,921,2,-3.3,33,1441,54.9,4.8,1017.8,1023.5,926,1020,1,1022.1,10.3,9.6,1200,1.75,10.71,,,5.9,-0.7
119,2017-11-12,4.8,-1.3,12.1,,,4.6,3,270,1522,0.9,0.2,37,1344,76.5,6.2,1018,1023.6,826,1020.6,1713,1022.3,10.3,9.6,1100,1.62,9.42,,,5.3,-2.7
119,2017-11-13,8.1,1,11.7,2.45,7.8,5.8,3.6,270,2248,1.5,3.4,48,1510,74.8,8,1013.6,1021.5,1,1015.4,1704,1017.8,10.2,0.6,1300,0.78,3.94,,,7.3,-0.8
119,2017-11-14,7.5,3.5,12.5,,,10.7,6.3,250,1236,2.3,-2.1,27,1208,53.8,5.4,1015.3,1021,920,1016.7,1,1019.5,10.2,8.9,1200,1.74,9.71,,,6.5,0.5
119,2017-11-15,4.2,0.2,8.7,1.07,0.2,10.9,6.5,290,1405,2.4,-5.6,28,1305,49.8,4.1,1018,1025.4,2351,1020,225,1022.3,10.2,7.4,1100,1.64,8.97,,,4.6,-0.8
119,2017-11-16,1.6,-2.4,7.8,,,5.9,3.5,290,1241,1.3,-9.3,19,1414,46.1,3.1,1021.4,1027.6,817,1024,1438,1025.7,10.2,9.5,1200,1.67,9.88,,,2,-4.4
119,2017-11-17,3.2,-2.8,6.8,1.68,0.2,8.1,4.1,340,2345,1.5,-6.1,32,1357,52.9,4,1015.8,1025.2,1,1016.9,1605,1020,10.1,0.1,900,0.35,1.93,,,2.8,-4.4
119,2017-11-18,-1,-3.9,2.9,,,10.2,6.3,320,212,3.5,-13.7,19,1440,39.5,2.3,1019.7,1027.1,2348,1019.7,1,1024,10.1,9.7,1200,1.74,10.41,,,1,-4.6
119,2017-11-19,-0.4,-6.1,5.5,,,7.2,4.5,320,128,2.1,-12.6,22,1441,40.6,2.4,1023.3,1029.6,937,1026.1,1436,1027.6,10.1,7.9,1200,1.67,9.64,,,0.6,-7.7
119,2017-11-20,0.5,-4.6,6.1,2.08,0.7,5.2,3.4,320,5,1.4,-4.7,34,1216,71.5,4.5,1022.8,1029.2,2400,1024.4,1355,1027.1,10.1,5.5,1100,1.41,6.17,,,1.1,-5.8
119,2017-11-21,0.7,-5.2,8.4,,,3.9,2.1,200,1452,0.9,-3.7,40,1352,75.4,4.7,1022.6,1029.9,538,1023.9,2253,1027,10,9.4,1200,1.56,10,,,1.3,-5.9
119,2017-11-22,4.5,-1.1,12.2,2.52,0.1,9.9,6.4,270,1539,2.2,-2.4,44,2045,62,5.3,1014.6,1023.9,1,1015.1,1357,1018.8,10,4.7,1100,1.2,5.42,,,3.2,-2.6
119,2017-11-23,1.4,-3.2,6.5,3.62,1.9,10.2,5.4,290,1323,1.9,-5.7,39,1306,61.1,4.1,1016.8,1022.3,2204,1020,1501,1021.1,10,5.7,1200,1.65,6.72,1.8,1.8,1.1,-5.1
119,2017-11-24,0.3,-2.5,4.5,2.25,1.5,8,4.8,270,1500,1.3,-3.8,38,1445,77.4,4.8,1020.8,1028.5,2110,1021.3,24,1025.1,10,5.1,1300,1.52,6.65,3,4.8,1.9,-4.4
119,2017-11-25,4.2,-3.6,9.7,5.57,13,13.5,7.4,200,1620,2.4,1.8,60,1253,86,7.3,1019.4,1028.1,1,1018.8,1649,1023.6,9.9,3.9,1200,1.43,5.36,,,2.6,-5
119,2017-11-26,4.5,-0.5,10.2,0.5,0.2,7,4.9,320,1232,1.5,-1,38,1706,71.8,5.9,1020.8,1029.1,2359,1021,332,1025.1,9.9,8.5,1200,1.39,8.14,,,3.8,-2.8
119,2017-11-27,2,-3.5,9.4,,,4,2.8,270,1719,0.7,-3.3,41,1249,71.4,4.8,1022.8,1029.5,831,1023.9,2353,1027.1,9.9,9.3,1200,1.52,9.17,,,1.7,-4.9
119,2017-11-28,5.6,-0.7,12.2,0.25,0,3.9,2.2,200,1120,0.7,1.4,48,1412,76.4,6.8,1018.6,1024.8,823,1021.6,2056,1022.8,9.9,4,1300,1.26,5.58,,,4.2,-2.3
119,2017-11-29,4.3,-1.5,8.5,0.67,0,7.3,4.7,320,2341,2.5,-7.1,18,1505,48.5,4.2,1021.8,1028,1016,1022.1,110,1026.1,9.8,8,1200,1.55,8.7,,,4.3,-2.1
119,2017-11-30,-1.3,-4.3,3.8,,,8.4,5.2,320,1328,3,-17,16,1429,30.9,1.7,1024.8,1031.6,2350,1026.9,1421,1029.1,9.8,9.1,1200,1.56,9.08,,,0.3,-4.6
119,2017-12-01,-1.6,-6.3,4.6,3.33,0,6.3,4.1,250,1547,1.6,-11,24,1109,54,3,1026.8,1033,1016,1029.6,1428,1031.2,9.8,8.2,1200,1.53,8.84,,,-1,-7.8
119,2017-12-02,1.1,-5,7.1,,,4.6,2.8,180,1127,1,-3.8,42,1301,72.9,4.6,1024.2,1031.8,235,1025.8,2234,1028.6,9.8,8.5,1000,1.5,8.78,,,0.4,-6.5
119,2017-12-03,4.1,1.2,7.9,3.25,4,3.8,2.1,140,1106,0.8,2.5,63,114,90.1,7.4,1019.4,1026.2,1,1022.3,1512,1023.6,9.8,0.4,1100,0.7,3.84,,,2.6,-1.1
119,2017-12-04,-0.1,-5,4.4,2.52,0.4,9.5,6,290,1426,3.1,-8.4,30,1423,57,3.6,1019,1024.6,2305,1021.5,434,1023.4,9.7,8.2,1200,1.55,8.88,,,1.1,-5.4
119,2017-12-05,-3.5,-6.8,0.7,0.92,0,8.5,5,320,18,2.4,-14.2,24,1100,44.6,2.1,1019,1024.8,850,1022.1,1519,1023.4,9.7,9.3,1200,1.53,8.83,,,-1.9,-7.5
119,2017-12-06,0.9,-3.8,5.7,7.03,3.2,5.5,3.7,180,1429,1.9,-3,36,1410,77.3,5,1018.6,1024.6,904,1021.5,2316,1022.9,9.7,7.4,1200,1.41,7.5,0.5,0.5,0,-5.4
119,2017-12-07,1.6,-2.7,7.2,0.53,0.2,7.4,4.5,320,2043,1.9,-5.3,29,1344,65.8,4.5,1018.5,1025.3,2229,1021,108,1022.8,9.7,7.4,1300,1.33,7.2,,,0.6,-3.4
119,2017-12-08,-2.6,-5.5,0.8,,,9,5.1,340,113,2.4,-13.4,28,1210,43.9,2.2,1020.2,1026.3,1007,1023.2,2346,1024.6,9.7,9.1,1200,1.5,8.68,,,-1.6,-5.9
119,2017-12-09,-0.4,-5.2,4.4,,,3.6,2.2,160,1527,1.1,-7.9,41,1222,57.3,3.4,1016.4,1023.3,1,1018.7,2344,1020.8,9.7,5.5,1000,1.14,6.49,,,-0.6,-6.7
119,2017-12-10,1.8,-1.4,7.2,6.83,7.6,12.5,6.6,250,1546,2.3,-2.2,47,2352,76.8,5.4,1010.8,1020.5,2400,1010.3,1447,1015,9.7,1.2,1200,0.98,2.8,1,1,0.3,-2.1
119,2017-12-11,-5.7,-9.8,-1.3,,,12.9,7.2,320,1201,4.1,-16.4,32,1309,42.8,1.7,1019.9,1028.4,2239,1020.4,1,1024.4,9.7,8.5,1200,1.54,9,,,-2.8,-9.8
119,2017-12-12,-7.9,-11.2,-3.2,,,6.4,4,320,1122,2.2,-18,30,1410,44.5,1.5,1026.1,1032.6,942,1028.4,1,1030.6,9.7,9.1,1200,1.48,8.8,,,-4.5,-11.3
119,2017-12-13,-7.2,-11.3,-1.9,,,7,4.4,340,857,1.8,-18.8,23,1332,40.6,1.4,1028.2,1033.8,2317,1031.2,1,1032.7,9.6,9,1200,1.54,8.92,,,-5.1,-12.3
119,2017-12-14,-5.8,-11.5,-0.6,,,4.3,2.7,110,911,0.8,-15,28,1336,50.8,1.9,1027.8,1034.4,822,1030.4,1516,1032.3,9.6,4.2,1100,1.11,6,,,-4,-12.5
119,2017-12-15,-2.6,-8.6,1.6,0.92,0,5.4,3.7,320,2332,0.8,-11.1,29,1435,55,2.7,1022.9,1031.1,206,1024.4,1659,1027.2,9.6,0.7,1100,0.7,4.14,,,-2.3,-9.8
119,2017-12-16,-4.4,-7.3,-0.9,,,8.4,5.1,320,2125,2.9,-15.3,24,1318,44.9,2,1023.6,1031.1,2328,1026,1454,1028,9.6,8.4,1200,1.44,7.74,,,-4,-8.2
119,2017-12-17,-5.7,-11,-0.7,0.17,0,8.2,4.5,320,48,1.7,-15.7,25,1126,46.9,1.9,1026.8,1033,1004,1029.7,1437,1031.2,9.6,8.9,1200,1.48,8.49,,,-5.2,-12.6
119,2017-12-18,0.5,-5.4,6.6,11.73,1.2,10.3,6.2,340,2341,2.1,-4.5,44,1520,71,4.4,1022.8,1030.7,1,1024.4,1512,1027.2,9.6,4.3,1200,1.23,5.36,2,2,-1,-5.5
119,2017-12-19,-3.4,-7.7,0.5,,,9.6,5.8,340,812,2.2,-13,20,1353,50.4,2.3,1027.6,1033.9,1038,1028.5,1,1032,9.6,8.6,1200,1.51,8.62,,,-3.5,-9.2
119,2017-12-20,-2.3,-9.3,2.7,2.33,1.1,7.1,3.7,230,1924,1.6,-6.3,39,1229,75.9,4.1,1026.8,1034.2,231,1028.9,1725,1031.3,9.6,2.4,1200,1.12,4.48,0.6,0.6,-2.7,-10.6
119,2017-12-21,-2,-6.2,4.1,,,3.9,2.3,290,242,1,-3.8,52,1447,88.8,4.6,1027.3,1034.2,1031,1029.8,2241,1031.7,9.6,5.5,1200,1.52,6.8,,0.6,-1.6,-8.2
119,2017-12-22,2.5,-4.2,7.9,,,4.3,2.7,180,1404,1.1,-1.3,59,1459,77.3,5.6,1022.4,1029.8,1,1024.7,1501,1026.7,9.6,4,1100,1.21,5.19,,,-0.8,-6.3
119,2017-12-23,4,1.9,9,,,3.5,1.8,270,1626,0.6,2.5,73,1508,91.1,7.3,1018.8,1025.6,1023,1021.3,1535,1023.1,9.6,0.7,1400,0.53,3,,,0.3,-0.7
119,2017-12-24,3,-0.3,5.2,10.18,17,7.9,5,320,1625,1.8,1.8,69,2359,92.3,7.1,1009.9,1021.4,1,1008,1325,1014.1,9.6,0,1300,0.25,0.98,,,0.2,-1.2
119,2017-12-25,-1.8,-4.6,1.9,1.88,0,8.1,5.1,270,1424,2.5,-11.4,29,1608,48.9,2.6,1019.2,1025.4,1019,1017.7,1,1023.6,9.6,8.8,1200,1.5,8.67,,,-0.8,-5.4
119,2017-12-26,-3.3,-7.3,1.1,1.08,0,9.8,6.2,270,1308,2.8,-14,20,1500,50.6,2.5,1021.8,1030.1,2351,1023.4,133,1026.2,9.6,8.7,1200,1.52,8.85,,,-1.9,-7.8
119,2017-12-27,-6,-9.5,-1.6,,,6.7,3.9,320,13,1.8,-18.8,19,1211,37.1,1.4,1026.3,1032.4,1040,1029.7,144,1030.7,9.6,8.9,1200,1.48,8.63,,,-3.4,-10.6
119,2017-12-28,-1,-8.4,3.4,0.33,0,6.2,3.9,340,1534,1,-10.3,31,1008,49.9,2.9,1025.9,1032.6,945,1028.1,2023,1030.3,9.6,5.3,1100,1.18,6.19,,,-1.2,-9.4
119,2017-12-29,1.9,-2.3,7.8,,,4.8,3.1,290,1325,1.1,-2.6,54,1354,73.5,5.1,1023.1,1028.7,2227,1026,1344,1027.4,9.6,1,1300,0.97,4.42,,,0,-4.1
119,2017-12-30,1.5,-2.8,4.8,7.08,3.3,4.2,3,180,1204,1,-0.1,67,1251,90,6.1,1020.6,1028.3,731,1021.7,2347,1024.9,9.6,0.4,1200,1.04,3.57,0.1,0.1,-0.2,-4.4
119,2017-12-31,0.7,-2.1,5.1,2.07,0.5,8.2,4.6,270,1310,2.4,-7,28,1515,60.6,3.9,1019.7,1026.6,2341,1021.5,18,1024,9.6,8.3,1200,1.46,8.21,0,0.1,-0.2,-3.9
